Filename,Category
Adaptive_Neural_Net_Preprocessing_for_Signal_Detection_in_Non-Gaussian_Noise.pdf,Machine Learning
ALVINN_An_Autonomous_Land_Vehicle_in_a_Neural_Network.pdf,Machine Learning
Analog_Implementation_of_Shunting_Neural_Networks.pdf,Machine Learning
Analyzing_the_Energy_Landscapes_of_Distributed_Winner-Take-All_Networks.pdf,Theory
An_Adaptive_Network_That_Learns_Sequences_of_Transitions.pdf,Machine Learning
An_Analog_Self-Organizing_Neural_Network_Chip.pdf,Machine Learning
An_Analog_VLSI_Chip_for_Thin-Plate_Surface_Interpolation.pdf,Computer Vision
An_Application_of_the_Principle_of_Maximum_Information_Preservation_to_Linear_Systems.pdf,Theory
An_Information_Theoretic_Approach_to_Rule-Based_Connectionist_Expert_Systems.pdf,Theory
An_Optimality_Principle_for_Unsupervised_Learning.pdf,Machine Learning
Applications_of_Error_Back-Propagation_to_Phonetic_Classification.pdf,Natural Language Processing
Associative_Learning_via_Inhibitory_Search.pdf,Reinforcement Learning
Automatic_Local_Annealing.pdf,Machine Learning
A_Back-Propagation_Algorithm_with_Optimal_Use_of_Hidden_Units.pdf,Machine Learning
A_Bifurcation_Theory_Approach_to_the_Programming_of_Periodic_Attractors_in_Network_Models_of_Olfactory_Cortex.pdf,Theory
A_Computationally_Robust_Anatomical_Model_for_Retinal_Directional_Selectivity.pdf,Theory
A_Connectionist_Expert_System_that_Actually_Works.pdf,Uncategorized
A_Low-Power_CMOS_Circuit_Which_Emulates_Temporal_Electrical_Properties_of_Neurons.pdf,Uncategorized
A_Massively_Parallel_Self-Tuning_Context-Free_Parser.pdf,Uncategorized
A_Model_for_Resolution_Enhancement_Hyperacuity_in_Sensory_Representation.pdf,Uncategorized
A_Model_of_Neural_Oscillator_for_a_Unified_Submodule.pdf,Uncategorized
A_Network_for_Image_Segmentation_Using_Color.pdf,Uncategorized
A_Passive_Shared_Element_Analog_Electrical_Cochlea.pdf,Uncategorized
A_Programmable_Analog_Neural_Computer_and_Simulator.pdf,Uncategorized
A_Self-Learning_Neural_Network.pdf,Uncategorized
Backpropagation_and_Its_Application_to_Handwritten_Signature_Verification.pdf,Uncategorized
Comparing_Biases_for_Minimal_Network_Construction_with_Back-Propagation.pdf,Uncategorized
Computer_Modeling_of_Associative_Learning.pdf,Uncategorized
Connectionist_Learning_of_Expert_Preferences_by_Comparison_Training.pdf,Uncategorized
Consonant_Recognition_by_Modular_Construction_of_Large_Phonemic_Time-Delay_Neural_Networks.pdf,Uncategorized
Constraints_on_Adaptive_Networks_for_Modeling_Human_Generalization.pdf,Uncategorized
Convergence_and_Pattern-Stabilization_in_the_Boltzmann_Machine.pdf,Uncategorized
Cricket_Wind_Detection.pdf,Uncategorized
Digital_Realisation_of_Self-Organising_Maps.pdf,Uncategorized
Does_the_Neuron_Learn_like_the_Synapse.pdf,Uncategorized
Dynamics_of_Analog_Neural_Networks_with_Time_Delay.pdf,Uncategorized
Dynamic_Non-Local_Role_Bindings_and_Inferencing_in_a_Localist_Network_for_Natural_Language_Understanding.pdf,Uncategorized
Efficient_Parallel_Learning_Algorithms_for_Neural_Networks.pdf,Uncategorized
Electronic_Receptors_for_TactileHaptic_Sensing.pdf,Uncategorized
Fast_Learning_in_Multi-Resolution_Hierarchies.pdf,Uncategorized
Fixed_Point_Analysis_for_Recurrent_Networks.pdf,Uncategorized
Further_Explorations_in_Visually-Guided_Reaching_Making_MURPHY_Smarter.pdf,Uncategorized
GEMINI_Gradient_Estimation_Through_Matrix_Inversion_After_Noise_Injection.pdf,Uncategorized
GENESIS_A_System_for_Simulating_Neural_Networks.pdf,Uncategorized
Heterogeneous_Neural_Networks_for_Adaptive_Behavior_in_Dynamic_Environments.pdf,Uncategorized
Implications_of_Recursive_Distributed_Representations.pdf,Uncategorized
Learning_by_Choice_of_Internal_Representations.pdf,Uncategorized
Learning_Sequential_Structure_in_Simple_Recurrent_Networks.pdf,Uncategorized
Learning_the_Solution_to_the_Aperture_Problem_for_Pattern_Motion_with_a_Hebb_Rule.pdf,Uncategorized
Learning_with_Temporal_Derivatives_in_Pulse-Coded_Neuronal_Systems.pdf,Uncategorized
Linear_Learning_Landscapes_and_Algorithms.pdf,Uncategorized
Links_Between_Markov_Models_and_Multilayer_Perceptrons.pdf,Uncategorized
Mapping_Classifier_Systems_Into_Neural_Networks.pdf,Uncategorized
Modeling_Small_Oscillating_Biological_Networks_in_Analog_VLSI.pdf,Uncategorized
Modeling_the_Olfactory_Bulb_-_Coupled_Nonlinear_Oscillators.pdf,Uncategorized
Models_of_Ocular_Dominance_Column_Formation_Analytical_and_Computational_Results.pdf,Uncategorized
Neural_Analog_Diffusion-Enhancement_Layer_and_Spatio-Temporal_Grouping_in_Early_Vision.pdf,Uncategorized
Neural_Approach_for_TV_Image_Compression_Using_a_Hopfield_Type_Network.pdf,Uncategorized
Neural_Architecture.pdf,Theory
Neural_Control_of_Sensory_Acquisition_The_Vestibulo-Ocular_Reflex.pdf,Theory
Neural_Networks_for_Model_Matching_and_Perceptual_Organization.pdf,Computer Vision
Neural_Networks_that_Learn_to_Discriminate_Similar_Kanji_Characters.pdf,Machine Learning
Neural_Network_Recognizer_for_Hand-Written_Zip_Code_Digits.pdf,Machine Learning
Neural_Network_Star_Pattern_Recognition_for_Spacecraft_Attitude_Determination_and_Control.pdf,Machine Learning
Neural_Net_Receivers_in_Multiple_Access-Communications.pdf,Machine Learning
Neuronal_Maps_for_Sensory-Motor_Control_in_the_Barn_Owl.pdf,Theory
On_the_K-Winners-Take-All_Network.pdf,Theory
Optimization_by_Mean_Field_Annealing.pdf,Theory
Performance_of_a_Stochastic_Learning_Microchip.pdf,Machine Learning
Performance_of_Synthetic_Neural_Network_Classification_of_Noisy_Radar_Signals.pdf,Machine Learning
Programmable_Analog_Pulse-Firing_Neural_Networks.pdf,Theory
Range_Image_Restoration_Using_Mean_Field_Annealing.pdf,Computer Vision
Scaling_and_Generalization_in_Neural_Networks_A_Case_Study.pdf,Theory
Self_Organizing_Neural_Networks_for_the_Identification_Problem.pdf,Machine Learning
Simulation_and_Measurement_of_the_Electric_Fields_Generated_by_Weakly_Electric_Fish.pdf,Uncategorized
Skeletonization_A_Technique_for_Trimming_the_Fat_from_a_Network_via_Relevance_Assessment.pdf,Uncategorized
Song_Learning_in_Birds.pdf,Uncategorized
Speech_Production_Using_A_Neural_Network_with_a_Cooperative_Learning_Mechanism.pdf,Uncategorized
Speech_Recognition_Statistical_and_Neural_Information_Processing_Approaches.pdf,Uncategorized
Spreading_Activation_over_Distributed_Microfeatures.pdf,Uncategorized
Statistical_Prediction_with_Kanervas_Sparse_Distributed_Memory.pdf,Uncategorized
Temporal_Representations_in_a_Connectionist_Speech_System.pdf,Uncategorized
Theory_of_Self-Organization_of_Cortical_Maps.pdf,Uncategorized
The_Boltzmann_Perceptron_Network_A_Multi-Layered_Feed-Forward_Network_Equivalent_to_the_Boltzmann_Machine.pdf,Uncategorized
Training_a_3-Node_Neural_Network_is_NP-Complete.pdf,Uncategorized
Training_a_Limited-Interconnect_Synthetic_Neural_IC.pdf,Uncategorized
Training_Multilayer_Perceptrons_with_the_Extended_Kalman_Algorithm.pdf,Uncategorized
Use_of_Multi-Layered_Networks_for_Coding_Speech_with_Phonetic_Features.pdf,Uncategorized
Using_Backpropagation_with_Temporal_Windows_to_Learn_the_Dynamics_of_the_CMU_Direct-Drive_Arm_II.pdf,Uncategorized
What_Size_Net_Gives_Valid_Generalization.pdf,Uncategorized
